{
  "botPrompts" : [ ],
  "compositeBagItems" : [ {
    "sequenceNr" : 1,
    "name" : "bookingDate",
    "fullName" : "bookingDate",
    "type" : "ENTITY",
    "namedEntitySubType" : "DATE",
    "entityName" : "DATE_TIME",
    "entityUsage" : {
      "type" : "NamedEntity",
      "name" : "DATE_TIME",
      "multiValue" : false,
      "fuzzyMatch" : false,
      "promptForDisambiguation" : true
    },
    "multiValue" : false,
    "multiLingual" : false,
    "fuzzyMatch" : false,
    "outOfOrderExtraction" : "ALWAYS",
    "promptForDisambiguation" : true,
    "label" : "Booking Date",
    "prompts" : [ {
      "sequenceNr" : 1,
      "text" : "Please enter suitable date for visiting your farm",
      "type" : "DEFAULT"
    } ],
    "defaultEndDateToStartDate" : false,
    "customSettings" : {
      "dateTime" : {
        "version" : "1.0",
        "ambiguousDateTimeResolution" : "FUTURE",
        "defaultDateFormat" : "DAY_MONTH",
        "userLocaleEnabled" : true
      }
    },
    "strictBoundary" : false,
    "trackingId" : "1881E73E-F1FB-423C-9F10-CE5CD54A0AD3",
    "children" : null
  }, {
    "sequenceNr" : 2,
    "name" : "bookingTime",
    "fullName" : "bookingTime",
    "type" : "ENTITY",
    "namedEntitySubType" : "TIME",
    "entityName" : "DATE_TIME",
    "entityUsage" : {
      "type" : "NamedEntity",
      "name" : "DATE_TIME",
      "multiValue" : false,
      "fuzzyMatch" : false,
      "promptForDisambiguation" : true
    },
    "multiValue" : false,
    "multiLingual" : false,
    "fuzzyMatch" : false,
    "outOfOrderExtraction" : "ALWAYS",
    "promptForDisambiguation" : true,
    "label" : "Booking Time",
    "prompts" : [ {
      "sequenceNr" : 2,
      "text" : "We will visit the farm within one hour range from the time given",
      "type" : "DEFAULT"
    }, {
      "sequenceNr" : 1,
      "text" : "Please enter the appropriate time (eg. 4 PM).",
      "type" : "DEFAULT"
    } ],
    "defaultEndDateToStartDate" : false,
    "customSettings" : {
      "dateTime" : {
        "version" : "1.0",
        "ambiguousDateTimeResolution" : "DEFAULT",
        "defaultDateFormat" : "MONTH_DAY",
        "userLocaleEnabled" : true
      }
    },
    "strictBoundary" : false,
    "trackingId" : "3A99EAD4-F475-4935-855E-4A9DB675C9CF",
    "children" : null
  } ],
  "fuzzyMatch" : false,
  "multiValue" : false,
  "name" : "bookingDetails",
  "promptForDisambiguation" : true,
  "trackingId" : "D3716AED-54EC-4D80-9D6C-2B2260E0B138",
  "type" : "COMPOSITEBAG",
  "validationRules" : [ ]
}