﻿<?xml version="1.0" encoding="utf-8"?>
<root product-version="12.2.32.487" component-version="60.0.0.0">
  <entities>
    <entity ref="global">
      <uploads />
      <attribute name="35771326-5609-4d90-a76e-a742fd2e237f" type="text" user-created="true" validation-message="Invalid value." public-name="crop">
        <text>
          <base>the crop</base>
        </text>
        <enumeration-list ref-id="4534e59b-20c0-47db-9806-703990e967a3" />
      </attribute>
      <attribute name="e661e63d-c6fd-4c4e-bec2-f10761dac2e7" type="boolean" user-created="true" validation-message="Invalid value.">
        <text>
          <base>the farmer has a soil test report</base>
          <parse>s(ver('12.2.32.487'),v(have,t(simple,present,normal)),sb('the farmer',singular),o('a soil test report'))</parse>
        </text>
      </attribute>
      <attribute name="9986effd-1955-4a7e-afc8-0f8872ecbadb" type="text" user-created="true" validation-message="Invalid value.">
        <text>
          <base>the type of crop you wish to grow</base>
        </text>
        <enumeration-list ref-id="d8c728a0-536b-4e9c-a3fc-a43e32bac169" />
      </attribute>
      <attribute name="013611b7-e18f-48db-8a16-0559423e34a2" type="boolean">
        <text>
          <base>the crop is a field crop</base>
          <parse>s(ver('12.2.32.487'),v(be,t(simple,present,normal)),sb('the crop',singular),o('a field crop'))</parse>
        </text>
      </attribute>
      <attribute name="9d208207-814f-4e5e-a2fd-cfc60ff19b9e" type="boolean">
        <text>
          <base>the crop is a fruit crop</base>
          <parse>s(ver('12.2.32.487'),v(be,t(simple,present,normal)),sb('the crop',singular),o('a fruit crop'))</parse>
        </text>
      </attribute>
      <attribute name="28fbf275-a766-4114-8b3f-229c99f2094e" type="boolean">
        <text>
          <base>the crop is a vegetable crop</base>
          <parse>s(ver('12.2.32.487'),v(be,t(simple,present,normal)),sb('the crop',singular),o('a vegetable crop'))</parse>
        </text>
      </attribute>
      <attribute name="bc82b633-6d02-4035-8ae3-e1356e919080" type="number" user-created="true" display-unformatted="true" validation-message="Invalid value.">
        <text>
          <base>the area of cultivation in Acre</base>
        </text>
      </attribute>
      <attribute name="b6daab4a-d228-4f41-94b2-e71392846495" type="number" user-created="true" display-unformatted="true" public-name="fruit_plant_age" validation-message="Invalid value.">
        <text>
          <base>the age of fruit plant</base>
        </text>
      </attribute>
      <attribute name="d7189b87-e2ce-4ccd-9d7b-ac9fe7c07b2a" type="text" user-created="true" validation-message="Invalid value." public-name="NPK_source">
        <text>
          <base>the NPK complex source selection</base>
        </text>
      </attribute>
      <attribute name="ecae20f8-b963-4f17-b013-9da75aeb0615" type="text" user-created="true" validation-message="Invalid value." public-name="N_source">
        <text>
          <base>the nitrogenous source selection</base>
        </text>
      </attribute>
      <attribute name="0acb07d8-4912-493a-bf93-c3d8980d802c" type="text" user-created="true" validation-message="Invalid value." public-name="K_source">
        <text>
          <base>the potassic source selection</base>
        </text>
      </attribute>
      <attribute name="911bc987-24aa-4b2b-a06a-83c2027ccfe0" type="text" user-created="true" validation-message="Invalid value." public-name="Zn_source">
        <text>
          <base>the zinc source selection</base>
        </text>
      </attribute>
      <attribute name="514df7b2-2cba-495a-b31f-76cfbcfc710a" type="text" user-created="true" validation-message="Invalid value." public-name="B_source">
        <text>
          <base>the boron source selection</base>
        </text>
      </attribute>
      <attribute name="f8a9158a-44d4-4dde-a014-90d3167a1628" type="text" user-created="true" validation-message="Invalid value." public-name="S_source">
        <text>
          <base>the sulphur source selection</base>
        </text>
      </attribute>
      <attribute name="db1ef37c-5d08-4aa5-88e7-abd819aa61ab" type="number" user-created="true" display-unformatted="true" validation-message="Invalid value." public-name="cult_area">
        <text>
          <base>the area of cultivation in hectare</base>
        </text>
      </attribute>
      <attribute name="ebf01528-f047-4540-9bdd-7887e4c2ca8f" type="auto" public-name="compost_r" validation-message="Invalid value.">
        <text>
          <base>the vermicompost for the report</base>
        </text>
      </attribute>
      <attribute name="14ddf347-969c-4db7-9c1e-64bd2b3c688d" type="auto" public-name="fym_r" validation-message="Invalid value.">
        <text>
          <base>the FYM compost for the report</base>
        </text>
      </attribute>
      <attribute name="21e912ee-d32f-47a9-b0ec-07043efc714b" type="auto" public-name="Lime_Value" validation-message="Invalid value.">
        <text>
          <base>the Lime nutrient requirement after soil test after soil test</base>
        </text>
      </attribute>
      <attribute name="9053136c-9858-4fb8-ae0f-2446a08230e1" type="auto" public-name="K_Value" validation-message="Invalid value.">
        <text>
          <base>the potassium nutrient requirement tonnes per hectare after soil test</base>
        </text>
      </attribute>
      <attribute name="00d18e10-54a5-477d-b0a0-d812cbdfd98c" type="auto" public-name="S_Value" validation-message="Invalid value.">
        <text>
          <base>the sulphur nutrient requirement tonnes per hectare after soil test</base>
        </text>
      </attribute>
      <attribute name="605dd682-ef59-4426-bbd9-852b2ad91429" type="auto" public-name="N_Value" validation-message="Invalid value.">
        <text>
          <base>the nitrogen nutrient requirement tonnes per hectare after soil test</base>
        </text>
      </attribute>
      <attribute name="0870f818-2ebd-4ead-8209-bc5c28c5abaa" type="auto" public-name="P_Value" validation-message="Invalid value.">
        <text>
          <base>the Phosphorous nutrient requirement tonnes per hectare after soil test</base>
        </text>
      </attribute>
      <attribute name="1d79c5e8-19ee-4ab1-9538-619a69b812e0" type="auto" public-name="Zn_Value" validation-message="Invalid value.">
        <text>
          <base>the zinc nutrient requirement parts per million after soil test</base>
        </text>
      </attribute>
      <attribute name="edc16f9c-1f1e-40b1-967d-4f82eb483419" type="auto" public-name="B_Value" validation-message="Invalid value.">
        <text>
          <base>the boron nutrient requirement parts per million after soil test</base>
        </text>
      </attribute>
    </entity>
    <entity id="757d7fcc-5706-4c11-92b1-fefb50eb3a50" name="the soil test" identifying-attribute-name="55ec2e17-625e-413b-8ba0-dfea1334f44e" containment-relationship-id="d64a969d-1502-426d-be4e-f2fd010de8f5" containment-parent-id="global">
      <uploads />
      <attribute name="55ec2e17-625e-413b-8ba0-dfea1334f44e" type="text" public-name="soil_test" substitutable="true" default-gender="Generic" validation-message="Invalid value." user-created="true">
        <text>
          <base>the soil test</base>
        </text>
      </attribute>
      <attribute name="74dbbc4c-2f80-4ff1-8dd9-f451b3c2c0ac" type="text" validation-message="Invalid value." public-name="level">
        <text>
          <base>the soil test level</base>
        </text>
      </attribute>
      <attribute name="00a778e0-7316-4e6c-bdb9-4b341c96f052" type="auto" public-name="unit" validation-message="Invalid value.">
        <text>
          <base>the soil test unit</base>
        </text>
      </attribute>
      <attribute name="d9a2f5c7-ae81-4770-937c-f73fac29960d" type="auto">
        <text>
          <base>the soil test value</base>
        </text>
      </attribute>
    </entity>
  </entities>
  <relationships>
    <relationship relationship-id="d64a969d-1502-426d-be4e-f2fd010de8f5" reverse-relationship-id="a7f4f5fd-0a25-4c0f-a507-6e94e73feffd" source="global" target="757d7fcc-5706-4c11-92b1-fefb50eb3a50" is-containment="true" public-id="" reverse-public-id="" text="all instances of the soil test" reverse-text="the soil test relationship" type="OneToMany" is-computed="false" silent-if-known="true" invisible-if-known="true" />
  </relationships>
</root>