﻿<?xml version="1.0" encoding="utf-8"?>
<enumerations product-version="12.2.34.555" component-version="60.0.0.20240521021110-8c49acbba">
  <project-enum id="4534e59b-20c0-47db-9806-703990e967a3" type="text" name="farmproduce">
    <enum-val is-uncertain="true">
      <checked-image file-name="5ffc28b7-8806-4609-bc3f-1c7d7c94dc0a.png" />
      <unchecked-image file-name="a1066114-5a2c-41b2-bed9-beca68827252.png" />
    </enum-val>
    <enum-val value="Paddy">
      <checked-image file-name="5eb8eaf3-3dd5-4a23-8111-6b7c450af047.png" />
      <unchecked-image file-name="cfb2e499-30ea-43fb-b8e5-de311dcc5c21.png" />
    </enum-val>
    <enum-val value="Wheat">
      <checked-image file-name="937bd6c4-c7e4-4509-81a0-de77328141cf.png" />
      <unchecked-image file-name="efc30580-7aee-4aea-b519-a40b06e2ef51.png" />
    </enum-val>
    <enum-val value="Millet">
      <checked-image file-name="1f99b3d3-62dc-46e7-b392-b5602e2af472.png" />
      <unchecked-image file-name="f1d392ef-8d3d-41ef-911c-e64373575fce.png" />
    </enum-val>
    <enum-val value="Corn">
      <checked-image file-name="7fa6c6c1-b309-428e-9bb9-a5d2935bcf28.png" />
      <unchecked-image file-name="b95d03bb-6dc9-44a5-bf7a-3d6ececb1cc7.png" />
    </enum-val>
    <enum-val value="Mango">
      <checked-image file-name="2559cccd-dde0-4dd9-8870-1e45b8899241.png" />
      <unchecked-image file-name="bf480c30-bc1f-4baa-9ebb-b71f6390ff7c.png" />
    </enum-val>
    <enum-val value="Pomegranate">
      <checked-image file-name="36df49e8-2b22-4ecf-b578-c7a331b6c7da.png" />
      <unchecked-image file-name="63c8b15f-71a2-4410-8d0d-3dc05f4a59a0.png" />
    </enum-val>
    <enum-val value="Ginger">
      <checked-image file-name="9a2df93a-2f15-4d7f-985b-a974727bc630.png" />
      <unchecked-image file-name="bf436007-959f-40ee-a851-0ab2c4054666.png" />
    </enum-val>
    <enum-val value="Soyabean">
      <checked-image file-name="12718636-0247-4956-aa1d-2421d2e19b5d.png" />
      <unchecked-image file-name="2c60f88f-e572-4894-8c18-3ddcc727144b.png" />
    </enum-val>
    <enum-val value="Cotton">
      <checked-image file-name="390043b7-6a42-4e55-9738-f79a28dbb955.png" />
      <unchecked-image file-name="016ceddb-a735-4386-b0a3-f5ffc72b33c7.png" />
    </enum-val>
    <enum-val value="Sugarcane">
      <checked-image file-name="a8889998-732f-49de-8820-10755c86959b.png" />
      <unchecked-image file-name="34cc8e08-e41c-47df-bac3-fb9c01917177.png" />
    </enum-val>
    <enum-val value="Potato">
      <checked-image file-name="81aa88cc-77d3-4a3d-821b-90d0a4dcfb34.png" />
      <unchecked-image file-name="2cb9006c-8786-459d-b94d-f779090dabc3.png" />
    </enum-val>
    <enum-val value="Grapes">
      <checked-image file-name="61ff16ac-f1ae-44c6-80e8-6acaacaca12a.png" />
      <unchecked-image file-name="42432ae3-324b-4177-968a-c42d7165b658.png" />
    </enum-val>
    <enum-val value="Okara">
      <checked-image file-name="d33cde69-9cbd-49c6-a089-16c7b0809605.png" />
      <unchecked-image file-name="7f50e495-6886-4628-9ef7-6e3819a12ced.png" />
    </enum-val>
  </project-enum>
  <project-enum id="d8c728a0-536b-4e9c-a3fc-a43e32bac169" type="text" name="Crop Type">
    <enum-val is-uncertain="true">
      <checked-image file-name="25ef0af2-ffeb-45b0-b429-10a3915d11fa.png" />
      <unchecked-image file-name="214dd429-ff9e-439b-85ff-efd2edadf956.png" />
    </enum-val>
    <enum-val value="Field Crop">
      <checked-image file-name="93b93762-894d-49ac-b515-d593e9390339.png" />
      <unchecked-image file-name="3a392733-47d3-459a-b433-77bb7ab977e8.png" />
    </enum-val>
    <enum-val value="Oilseed Crop">
      <checked-image file-name="aa1e73b2-79c5-4f6f-93a2-3a5b06120c91.png" />
      <unchecked-image file-name="f92e312f-5066-4a6d-b429-28405e067f17.png" />
    </enum-val>
    <enum-val value="Fruit Crop">
      <checked-image file-name="fd011dfe-3587-49b3-8bd2-57b2e0e140ac.png" />
      <unchecked-image file-name="40a93b84-f49b-4a91-ba07-1b0aa4f37916.png" />
    </enum-val>
    <enum-val value="Vegetable Crop">
      <checked-image file-name="44bdd976-5354-493c-ade8-fc0db7e058b7.png" />
      <unchecked-image file-name="6a9aaca1-1d07-4e5f-8ae1-d704fe88b8fb.png" />
    </enum-val>
  </project-enum>
</enumerations>